Symbol,Date,Open,High,Low,Close,Volume
AAPL,2025-09-05,239.995,241.32,238.4901,239.69,54870397
AAPL,2025-09-04,238.45,239.8999,236.74,239.78,47549429
AAPL,2025-09-03,237.21,238.85,234.36,238.47,66061716
AAPL,2025-09-02,229.25,230.85,226.97,229.72,44075638
AAPL,2025-08-29,232.51,233.38,231.37,232.14,39418437
AAPL,2025-08-28,230.82,233.41,229.335,232.56,38074700
AAPL,2025-08-27,228.61,230.9,228.26,230.49,31259513
AAPL,2025-08-26,226.87,229.49,224.69,229.31,54575107
AAPL,2025-08-25,226.48,229.3,226.23,227.16,30983133
AAPL,2025-08-22,226.17,229.09,225.41,227.76,42477811
AAPL,2025-08-21,226.27,226.52,223.7804,224.9,30621249
AAPL,2025-08-20,229.98,230.47,225.77,226.01,42263865
AAPL,2025-08-19,231.275,232.87,229.35,230.56,39402564
AAPL,2025-08-18,231.7,233.12,230.11,230.89,37476188
AAPL,2025-08-15,234.0,234.28,229.335,231.59,56038657
AAPL,2025-08-14,234.055,235.12,230.85,232.78,51916275
AAPL,2025-08-13,231.07,235.0,230.43,233.33,69878546
AAPL,2025-08-12,228.005,230.8,227.07,229.65,55672301
AAPL,2025-08-11,227.92,229.56,224.76,227.18,61806132
AAPL,2025-08-08,220.83,231.0,219.25,229.35,113853967
AAPL,2025-08-07,218.875,220.85,216.58,220.03,90224834
AAPL,2025-08-06,205.63,215.38,205.59,213.25,108483103
AAPL,2025-08-05,203.4,205.34,202.16,202.92,44155079
AAPL,2025-08-04,204.505,207.88,201.675,203.35,75109298
AAPL,2025-08-01,210.865,213.58,201.5,202.38,104434473
AAPL,2025-07-31,208.49,209.84,207.16,207.57,80698431
AAPL,2025-07-30,211.895,212.39,207.72,209.05,45512514
AAPL,2025-07-29,214.175,214.81,210.82,211.27,51411723
AAPL,2025-07-28,214.03,214.845,213.06,214.05,37858017
AAPL,2025-07-25,214.7,215.24,213.4,213.88,40268781
AAPL,2025-07-24,213.9,215.69,213.53,213.76,46022620
AAPL,2025-07-23,215.0,215.15,212.41,214.15,46989301
AAPL,2025-07-22,213.14,214.95,212.2301,214.4,46404072
AAPL,2025-07-21,212.1,215.78,211.63,212.48,51377434
AAPL,2025-07-18,210.87,211.79,209.7045,211.18,48974591
AAPL,2025-07-17,210.57,211.8,209.59,210.02,48068141
AAPL,2025-07-16,210.295,212.4,208.64,210.16,47490532
AAPL,2025-07-15,209.22,211.89,208.92,209.11,42296339
AAPL,2025-07-14,209.925,210.91,207.54,208.62,38840111
AAPL,2025-07-11,210.565,212.13,209.86,211.16,39765812
AAPL,2025-07-10,210.505,213.48,210.03,212.41,44443635
AAPL,2025-07-09,209.53,211.33,207.22,211.14,48749367
AAPL,2025-07-08,210.1,211.43,208.45,210.01,42848928
AAPL,2025-07-07,212.68,216.23,208.8,209.95,50228984
AAPL,2025-07-03,212.145,214.65,211.8101,213.55,34955836
AAPL,2025-07-02,208.91,213.34,208.14,212.44,67941811
AAPL,2025-07-01,206.665,210.1865,206.1401,207.82,78788867
AAPL,2025-06-30,202.01,207.39,199.2607,205.17,91912816
AAPL,2025-06-27,201.89,203.22,200.0,201.08,73188571
AAPL,2025-06-26,201.43,202.64,199.46,201.0,50799121
AAPL,2025-06-25,201.45,203.67,200.6201,201.56,39525730
AAPL,2025-06-24,202.59,203.44,200.2,200.3,54064033
AAPL,2025-06-23,201.625,202.3,198.96,201.5,55814272
AAPL,2025-06-20,198.235,201.7,196.855,201.0,96813542
AAPL,2025-06-18,195.94,197.57,195.07,196.58,45394689
AAPL,2025-06-17,197.2,198.39,195.21,195.64,38856152
AAPL,2025-06-16,197.3,198.685,196.5636,198.42,43020691
AAPL,2025-06-13,199.73,200.37,195.7,196.45,51447349
AAPL,2025-06-12,199.08,199.68,197.3601,199.2,43904635
AAPL,2025-06-11,203.5,204.5,198.41,198.78,60989857
AAPL,2025-06-10,200.6,204.35,200.57,202.67,54672608
AAPL,2025-06-09,204.39,206.0,200.02,201.45,72862557
AAPL,2025-06-06,203.0,205.7,202.05,203.92,46607693
AAPL,2025-06-05,203.5,204.75,200.15,200.63,55221235
AAPL,2025-06-04,202.91,206.24,202.1,202.82,43603985
AAPL,2025-06-03,201.35,203.77,200.955,203.27,46381567
AAPL,2025-06-02,200.28,202.13,200.12,201.7,35423294
AAPL,2025-05-30,199.37,201.96,196.78,200.85,70819942
AAPL,2025-05-29,203.575,203.81,198.51,199.95,51477938
AAPL,2025-05-28,200.59,202.73,199.9,200.42,45339678
AAPL,2025-05-27,198.3,200.74,197.43,200.21,56288475
AAPL,2025-05-23,193.665,197.7,193.46,195.27,78432918
AAPL,2025-05-22,200.71,202.75,199.7,201.36,46742407
AAPL,2025-05-21,205.17,207.04,200.71,202.09,59211774
AAPL,2025-05-20,207.67,208.47,205.03,206.86,42496635
AAPL,2025-05-19,207.91,209.48,204.26,208.78,46140527
AAPL,2025-05-16,212.36,212.57,209.77,211.26,54737850
AAPL,2025-05-15,210.95,212.96,209.54,211.45,45029473
AAPL,2025-05-14,212.43,213.94,210.5801,212.33,49325825
AAPL,2025-05-13,210.43,213.4,209.0,212.93,51909332
AAPL,2025-05-12,210.97,211.2679,206.75,210.79,63775814
AAPL,2025-05-09,199.0,200.5399,197.535,198.53,36453923
AAPL,2025-05-08,197.72,200.05,194.6796,197.49,50478872
AAPL,2025-05-07,199.17,199.44,193.25,196.25,68616943
AAPL,2025-05-06,198.21,200.65,197.02,198.51,51216482
AAPL,2025-05-05,203.1,204.1,198.21,198.89,69018452
AAPL,2025-05-02,206.09,206.99,202.16,205.35,101010621
AAPL,2025-05-01,209.08,214.56,208.9,213.32,57365675
AAPL,2025-04-30,209.3,213.58,206.6705,212.5,52286454
AAPL,2025-04-29,208.693,212.24,208.37,211.21,36827633
AAPL,2025-04-28,210.0,211.5,207.46,210.14,38743074
AAPL,2025-04-25,206.365,209.75,206.2,209.28,38222258
AAPL,2025-04-24,204.89,208.8299,202.94,208.37,47310989
AAPL,2025-04-23,206.0,208.0,202.799,204.6,52929165
AAPL,2025-04-22,196.12,201.59,195.97,199.74,52976371
AAPL,2025-04-21,193.265,193.8,189.8112,193.16,46742537
AAPL,2025-04-17,197.2,198.8335,194.42,196.98,52164675
AAPL,2025-04-16,198.36,200.7,192.37,194.27,59732423
AAPL,2025-04-15,201.855,203.51,199.8,202.14,51343872
AAPL,2025-04-14,211.44,212.94,201.1621,202.52,101352911
MSFT,2025-09-05,509.07,511.97,492.37,495.0,31994846
MSFT,2025-09-04,504.3,508.15,503.15,507.97,15509486
MSFT,2025-09-03,503.79,507.79,502.32,505.35,15995154
MSFT,2025-09-02,500.465,506.0,496.81,505.12,18127995
MSFT,2025-08-29,508.66,509.6,504.4915,506.69,20961569
MSFT,2025-08-28,507.09,511.09,505.5,509.64,18015593
MSFT,2025-08-27,502.0,507.29,499.9,506.74,17277893
MSFT,2025-08-26,504.355,504.9778,498.51,502.04,30835709
MSFT,2025-08-25,506.63,508.19,504.12,504.26,21638579
MSFT,2025-08-22,504.25,510.73,502.41,507.23,24324161
MSFT,2025-08-21,503.69,507.63,502.7201,504.24,18443254
MSFT,2025-08-20,509.865,511.0,504.44,505.72,27723025
MSFT,2025-08-19,515.0,515.1641,508.55,509.77,21481016
MSFT,2025-08-18,521.585,522.82,514.02,517.1,23760583
MSFT,2025-08-15,522.77,526.1,519.08,520.17,25213272
MSFT,2025-08-14,522.56,525.9499,520.14,522.48,20269074
MSFT,2025-08-13,532.11,532.7,519.37,520.58,19619160
MSFT,2025-08-12,523.75,530.98,522.7,529.24,18688921
MSFT,2025-08-11,522.3,527.59,519.72,521.77,20194372
MSFT,2025-08-08,522.6,524.66,519.41,522.04,15531009
MSFT,2025-08-07,526.8,528.09,517.5511,520.84,16079144
MSFT,2025-08-06,530.9,531.7,524.03,524.94,21355702
MSFT,2025-08-05,537.18,537.3,527.24,527.75,19171569
MSFT,2025-08-04,528.27,538.25,528.13,535.64,25349004
MSFT,2025-08-01,535.0,535.8,520.86,524.11,28977628
MSFT,2025-07-31,555.225,555.45,531.9,533.5,51617326
MSFT,2025-07-30,515.17,515.95,509.435,513.24,26380434
MSFT,2025-07-29,515.53,517.62,511.56,512.57,16469235
MSFT,2025-07-28,514.08,515.0,510.12,512.5,14308027
MSFT,2025-07-25,512.465,518.29,510.3592,513.71,19125699
MSFT,2025-07-24,508.77,513.67,507.3,510.88,16107000
MSFT,2025-07-23,506.75,506.79,500.7,505.87,16396585
MSFT,2025-07-22,510.97,511.2,505.27,505.27,13868644
MSFT,2025-07-21,506.705,512.09,505.55,510.06,14066805
MSFT,2025-07-18,514.48,514.64,507.43,510.05,21209666
MSFT,2025-07-17,505.68,513.37,505.62,511.7,17503129
MSFT,2025-07-16,505.18,506.72,501.89,505.62,15154374
MSFT,2025-07-15,503.02,508.3,502.79,505.82,14927202
MSFT,2025-07-14,501.515,503.97,501.03,503.02,12058848
MSFT,2025-07-11,498.47,505.03,497.795,503.32,16459512
MSFT,2025-07-10,503.05,504.44,497.75,501.48,16498740
MSFT,2025-07-09,500.3,506.78,499.74,503.51,18659538
MSFT,2025-07-08,497.24,498.2,494.11,496.62,11846586
MSFT,2025-07-07,497.38,498.75,495.225,497.72,13981605
MSFT,2025-07-03,493.81,500.13,493.44,498.84,13984829
MSFT,2025-07-02,489.99,493.5,488.7,491.09,16319641
MSFT,2025-07-01,496.47,498.05,490.98,492.05,19945375
MSFT,2025-06-30,497.04,500.76,495.33,497.41,28368991
MSFT,2025-06-27,497.55,499.3,493.03,495.94,34539236
MSFT,2025-06-26,492.98,498.04,492.81,497.45,21578853
MSFT,2025-06-25,492.04,494.5556,489.39,492.27,17495099
MSFT,2025-06-24,488.95,491.849,486.795,490.11,22305642
MSFT,2025-06-23,478.21,487.75,472.51,486.0,24863952
MSFT,2025-06-20,482.23,483.46,476.87,477.4,37576206
MSFT,2025-06-18,478.0,481.0,474.46,480.24,17526452
MSFT,2025-06-17,475.395,478.7399,474.08,478.04,15414128
MSFT,2025-06-16,475.21,480.6943,475.0,479.14,15626104
MSFT,2025-06-13,476.41,479.18,472.76,474.96,16814456
MSFT,2025-06-12,475.02,480.415,473.52,478.87,18950582
MSFT,2025-06-11,470.02,475.47,469.655,472.62,16399176
MSFT,2025-06-10,471.185,472.8,466.96,470.92,15375944
MSFT,2025-06-09,469.7,473.43,468.62,472.75,16469932
MSFT,2025-06-06,470.085,473.335,468.78,470.38,15285624
MSFT,2025-06-05,464.955,469.65,464.03,467.68,20154460
MSFT,2025-06-04,464.0,465.69,463.0201,463.87,14162688
MSFT,2025-06-03,461.47,464.14,460.8622,462.97,15743760
MSFT,2025-06-02,457.14,462.11,456.89,461.97,16626495
MSFT,2025-05-30,459.715,461.68,455.54,460.36,34770475
MSFT,2025-05-29,461.55,461.72,455.3105,458.68,13982211
MSFT,2025-05-28,461.22,462.52,456.93,457.36,17086261
MSFT,2025-05-27,456.48,460.95,456.115,460.69,20974293
MSFT,2025-05-23,449.98,453.69,448.91,450.18,16883509
MSFT,2025-05-22,454.95,460.25,453.9,454.86,18025612
MSFT,2025-05-21,454.57,457.78,451.814,452.57,19216906
MSFT,2025-05-20,455.59,458.34,454.3201,458.17,15441808
MSFT,2025-05-19,450.875,459.585,450.8,458.87,21336509
MSFT,2025-05-16,452.05,454.36,448.73,454.27,23849781
MSFT,2025-05-15,450.765,456.19,450.4301,453.13,21992323
MSFT,2025-05-14,448.14,453.9,448.14,452.94,19902796
MSFT,2025-05-13,447.78,450.6733,445.36,449.14,23618819
MSFT,2025-05-12,445.94,449.37,439.78,449.26,22821935
MSFT,2025-05-09,440.0,440.74,435.88,438.73,15324233
MSFT,2025-05-08,437.93,443.67,435.66,438.17,23491330
MSFT,2025-05-07,433.84,438.12,431.1103,433.35,23307241
MSFT,2025-05-06,432.2,437.73,431.17,433.31,15104204
MSFT,2025-05-05,432.87,439.5,432.11,436.17,20136053
MSFT,2025-05-02,431.74,439.44,429.985,435.28,30757434
MSFT,2025-05-01,431.11,436.99,424.9,425.4,58938100
MSFT,2025-04-30,390.3,396.66,384.44,395.26,36461075
MSFT,2025-04-29,391.3,395.1,390.38,394.04,14973976
MSFT,2025-04-28,391.955,392.74,386.638,391.16,16579430
MSFT,2025-04-25,387.0,392.16,384.6,391.85,18973165
MSFT,2025-04-24,375.695,388.45,375.19,387.3,22232289
MSFT,2025-04-23,376.06,380.39,373.02,374.39,20545526
MSFT,2025-04-22,363.375,367.77,359.8602,366.82,19484993
MSFT,2025-04-21,362.815,364.48,355.67,359.12,20807279
MSFT,2025-04-17,373.745,374.3215,366.89,367.78,21120192
MSFT,2025-04-16,380.67,381.61,368.0,371.61,21967826
MSFT,2025-04-15,388.505,391.89,384.1599,385.73,17199890
MSFT,2025-04-14,393.22,394.65,384.21,387.81,19251172
GOOGL,2025-09-05,232.2,235.76,231.9,235.0,46588925
GOOGL,2025-09-04,229.65,232.37,226.11,232.3,51684167
GOOGL,2025-09-03,226.21,231.31,224.79,230.66,102090277
GOOGL,2025-09-02,208.44,211.675,206.195,211.35,47523037
GOOGL,2025-08-29,210.51,214.645,210.2,212.91,39728364
GOOGL,2025-08-28,207.25,212.22,206.9,211.64,32339307
GOOGL,2025-08-27,205.7,208.91,205.65,207.48,23022850
GOOGL,2025-08-26,207.51,207.85,205.7,207.14,28464130
GOOGL,2025-08-25,206.43,210.52,205.28,208.49,29928878
GOOGL,2025-08-22,202.73,208.54,201.3,206.09,42827040
GOOGL,2025-08-21,199.745,202.48,199.43,199.75,19774633
GOOGL,2025-08-20,200.73,201.28,196.595,199.32,28955498
GOOGL,2025-08-19,203.03,203.44,199.96,201.57,24240233
GOOGL,2025-08-18,204.2,205.265,202.49,203.5,18526594
GOOGL,2025-08-15,203.85,206.44,201.28,203.9,34931422
GOOGL,2025-08-14,201.5,204.44,201.225,202.94,25230427
GOOGL,2025-08-13,204.13,204.53,197.5101,201.96,28342922
GOOGL,2025-08-12,201.365,204.5,200.59,203.34,30424452
GOOGL,2025-08-11,200.935,201.475,199.07,201.0,25832435
GOOGL,2025-08-08,197.22,202.61,197.17,201.42,39161826
GOOGL,2025-08-07,197.06,197.54,194.33,196.52,26321811
GOOGL,2025-08-06,194.5,196.63,193.67,196.09,21562908
GOOGL,2025-08-05,194.71,197.8599,193.885,194.67,31602340
GOOGL,2025-08-04,190.29,195.27,190.12,195.04,31547350
GOOGL,2025-08-01,189.025,190.83,187.82,189.13,34832181
GOOGL,2025-07-31,195.71,195.99,191.09,191.9,51329163
GOOGL,2025-07-30,195.6,197.5999,194.685,196.53,32445405
GOOGL,2025-07-29,192.43,195.92,192.08,195.75,41389153
GOOGL,2025-07-28,193.65,194.05,190.84,192.58,38139504
GOOGL,2025-07-25,191.98,194.33,191.26,193.18,39785863
GOOGL,2025-07-24,197.03,197.95,191.0,192.17,74881687
GOOGL,2025-07-23,191.5,192.53,189.18,190.23,58681948
GOOGL,2025-07-22,191.495,191.645,187.46,191.34,44660215
GOOGL,2025-07-21,186.25,190.285,186.15,190.1,45803129
GOOGL,2025-07-18,185.4,186.42,183.71,185.06,34014509
GOOGL,2025-07-17,182.14,184.06,180.48,183.58,31992565
GOOGL,2025-07-16,183.235,184.327,182.03,182.97,33104193
GOOGL,2025-07-15,182.81,184.22,181.6,182.0,33448251
GOOGL,2025-07-14,181.01,183.67,179.68,181.56,32536632
GOOGL,2025-07-11,176.785,181.43,176.48,180.19,34282922
GOOGL,2025-07-10,175.63,178.429,174.38,177.62,29252386
GOOGL,2025-07-09,175.25,179.44,172.77,176.62,43025594
GOOGL,2025-07-08,177.85,177.95,172.81,174.36,40442535
GOOGL,2025-07-07,179.06,179.297,175.68,176.79,34175648
GOOGL,2025-07-03,178.5,179.67,177.05,179.53,21689729
GOOGL,2025-07-02,175.54,178.86,175.07,178.64,29128947
GOOGL,2025-07-01,175.735,176.09,173.53,175.84,35904526
GOOGL,2025-06-30,180.78,181.23,174.58,176.23,63378856
GOOGL,2025-06-27,173.54,178.68,171.73,178.53,108140200
GOOGL,2025-06-26,172.43,173.69,169.94,173.54,31796690
GOOGL,2025-06-25,167.63,172.36,167.55,170.68,35478989
GOOGL,2025-06-24,166.92,168.22,166.13,166.77,40524312
GOOGL,2025-06-23,166.27,167.34,162.0,165.19,57670985
GOOGL,2025-06-20,173.945,174.34,165.46,166.64,75659917
GOOGL,2025-06-18,176.01,176.56,173.2,173.32,28707524
GOOGL,2025-06-17,175.7,177.3648,174.58,175.95,24973043
GOOGL,2025-06-16,174.73,176.94,174.65,176.77,27389208
GOOGL,2025-06-13,172.44,177.13,172.385,174.67,27663107
GOOGL,2025-06-12,176.18,176.72,174.745,175.7,20941873
GOOGL,2025-06-11,179.77,180.37,176.75,177.35,31646757
GOOGL,2025-06-10,176.2,181.105,174.91,178.6,61766121
GOOGL,2025-06-09,174.54,176.47,174.37,176.09,28935906
GOOGL,2025-06-06,170.83,174.5,170.83,173.68,35731832
GOOGL,2025-06-05,170.34,170.93,167.59,168.21,36444564
GOOGL,2025-06-04,166.735,168.215,166.36,168.05,26900838
GOOGL,2025-06-03,167.49,168.475,165.28,166.18,45084903
GOOGL,2025-06-02,167.84,169.87,167.39,169.03,38612272
GOOGL,2025-05-30,171.35,172.205,167.44,171.74,52639911
GOOGL,2025-05-29,174.0,174.4193,170.63,171.86,29373803
GOOGL,2025-05-28,173.16,175.265,171.9107,172.36,34783997
GOOGL,2025-05-27,170.16,173.17,170.0,172.9,37995670
GOOGL,2025-05-23,169.055,169.96,167.89,168.47,35211439
GOOGL,2025-05-22,171.85,176.77,170.71,170.87,74864418
GOOGL,2025-05-21,163.69,173.14,163.56,168.56,73415956
GOOGL,2025-05-20,166.43,168.5,162.9,163.98,46607656
GOOGL,2025-05-19,164.51,166.64,164.22,166.54,30426097
GOOGL,2025-05-16,167.725,169.35,165.62,166.19,42846925
GOOGL,2025-05-15,165.84,166.205,162.3732,163.96,33146669
GOOGL,2025-05-14,159.96,167.0,159.61,165.37,48755869
GOOGL,2025-05-13,158.79,160.57,156.16,159.53,42382126
GOOGL,2025-05-12,157.485,159.1,156.25,158.46,44138818
GOOGL,2025-05-09,154.17,155.05,152.2,152.75,32435281
GOOGL,2025-05-08,155.0,155.93,152.9,154.28,57498692
GOOGL,2025-05-07,164.08,165.0,147.84,151.38,127747554
GOOGL,2025-05-06,162.17,164.8,161.19,163.23,21277210
GOOGL,2025-05-05,163.0,165.39,162.72,164.21,21341814
GOOGL,2025-05-02,163.405,164.97,161.87,164.03,25715005
GOOGL,2025-05-01,160.45,161.95,158.91,161.3,30203248
GOOGL,2025-04-30,157.975,159.27,155.4,158.8,34981059
GOOGL,2025-04-29,160.325,160.74,157.52,160.16,26808958
GOOGL,2025-04-28,162.425,163.15,158.6,160.61,29745782
GOOGL,2025-04-25,165.07,166.1,161.04,161.96,56033995
GOOGL,2025-04-24,156.15,159.59,155.79,159.28,45893951
GOOGL,2025-04-23,155.61,157.525,153.81,155.35,31128833
GOOGL,2025-04-22,148.89,152.19,148.54,151.47,26971774
GOOGL,2025-04-21,148.88,148.945,146.1,147.67,26049115
GOOGL,2025-04-17,154.29,154.68,148.5,151.16,33046576
GOOGL,2025-04-16,153.1,155.89,151.51,153.33,28187421
GOOGL,2025-04-15,159.125,159.65,155.21,156.31,27551534
GOOGL,2025-04-14,159.995,161.72,157.56,159.07,30332957
AMZN,2025-09-05,235.19,236.0,231.93,232.33,36721802
AMZN,2025-09-04,231.185,235.77,230.78,235.68,59391779
AMZN,2025-09-03,225.21,227.1699,224.36,225.99,26355706
AMZN,2025-09-02,223.52,226.17,221.83,225.34,38843883
AMZN,2025-08-29,231.32,231.8125,228.16,229.0,26199170
AMZN,2025-08-28,229.005,232.71,228.02,231.6,33679585
AMZN,2025-08-27,228.57,229.87,227.81,229.12,21254479
AMZN,2025-08-26,227.11,229.0,226.02,228.71,26105373
AMZN,2025-08-25,227.35,229.6,227.31,227.94,22633695
AMZN,2025-08-22,222.79,229.14,220.82,228.84,37315341
AMZN,2025-08-21,222.65,222.78,220.5,221.95,32140459
AMZN,2025-08-20,227.12,227.27,220.915,223.81,36604319
AMZN,2025-08-19,230.09,230.5283,227.12,228.01,29891012
AMZN,2025-08-18,230.225,231.91,228.33,231.49,25248890
AMZN,2025-08-15,232.58,234.08,229.807,231.03,39649244
AMZN,2025-08-14,227.4,233.11,227.02,230.98,61545824
AMZN,2025-08-13,222.0,224.9185,222.0,224.56,36508335
AMZN,2025-08-12,222.23,223.5,219.05,221.47,37254707
AMZN,2025-08-11,221.78,223.05,220.4,221.3,31646222
AMZN,2025-08-08,223.14,223.8,221.8836,222.69,32970477
AMZN,2025-08-07,221.0,226.22,220.82,223.13,40603513
AMZN,2025-08-06,214.695,222.65,213.7409,222.31,54823045
AMZN,2025-08-05,213.05,216.3,212.87,213.75,51505121
AMZN,2025-08-04,217.4,217.44,211.42,211.65,77890146
AMZN,2025-08-01,217.21,220.4399,212.8,214.75,122258801
AMZN,2025-07-31,235.77,236.53,231.4,234.11,104357263
AMZN,2025-07-30,231.64,231.8,229.29,230.19,32993273
AMZN,2025-07-29,234.15,234.72,230.31,231.01,33716220
AMZN,2025-07-28,233.35,234.29,232.25,232.79,26300138
AMZN,2025-07-25,232.22,232.48,231.18,231.44,28712095
AMZN,2025-07-24,229.17,236.0,228.64,232.23,42902266
AMZN,2025-07-23,228.47,228.79,227.09,228.29,28294852
AMZN,2025-07-22,229.68,230.0,226.35,227.47,37483702
AMZN,2025-07-21,225.835,229.69,225.65,229.3,40297556
AMZN,2025-07-18,225.14,226.4,222.98,226.13,37833807
AMZN,2025-07-17,223.32,224.5,222.51,223.88,31855831
AMZN,2025-07-16,225.875,226.1,222.18,223.19,39535926
AMZN,2025-07-15,226.2,227.27,225.455,226.35,34907294
AMZN,2025-07-14,225.07,226.66,224.24,225.69,35702597
AMZN,2025-07-11,223.58,226.6799,222.37,225.02,50518307
AMZN,2025-07-10,221.55,222.79,219.7,222.26,30370591
AMZN,2025-07-09,221.07,224.29,220.47,222.54,38155121
AMZN,2025-07-08,223.915,224.0,218.43,219.36,45691987
AMZN,2025-07-07,223.0,224.29,222.37,223.47,36604139
AMZN,2025-07-03,221.82,224.01,221.36,223.41,29632353
AMZN,2025-07-02,219.73,221.6,219.06,219.92,30894178
AMZN,2025-07-01,219.5,221.875,217.93,220.46,39256830
AMZN,2025-06-30,223.52,223.82,219.12,219.39,58887780
AMZN,2025-06-27,219.92,223.3,216.74,223.3,119217138
AMZN,2025-06-26,213.12,218.035,212.01,217.12,50480814
AMZN,2025-06-25,214.615,216.03,211.11,211.99,31755698
AMZN,2025-06-24,212.135,214.34,211.045,212.77,38378757
AMZN,2025-06-23,209.79,210.39,207.3101,208.47,37311725
AMZN,2025-06-20,214.68,214.89,208.2709,209.69,75350733
AMZN,2025-06-18,215.09,217.96,212.34,212.52,44360509
AMZN,2025-06-17,215.195,217.41,214.56,214.82,32086262
AMZN,2025-06-16,212.31,217.06,211.6,216.1,33284158
AMZN,2025-06-13,209.96,214.05,209.62,212.1,29337763
AMZN,2025-06-12,211.78,213.58,211.33,213.24,27639991
AMZN,2025-06-11,217.41,218.4,212.89,213.2,39325981
AMZN,2025-06-10,216.78,217.69,214.15,217.61,31303317
AMZN,2025-06-09,214.75,217.85,212.88,216.98,38102502
AMZN,2025-06-06,212.4,213.8699,210.5,213.57,39832500
AMZN,2025-06-05,209.55,212.81,207.56,207.91,51979243
AMZN,2025-06-04,206.55,208.18,205.18,207.23,29915592
AMZN,2025-06-03,207.105,208.9469,205.03,205.71,33139121
AMZN,2025-06-02,204.98,207.0,202.68,206.65,29113319
AMZN,2025-05-30,204.84,205.99,201.695,205.01,51679406
AMZN,2025-05-29,208.025,208.81,204.23,205.7,34700005
AMZN,2025-05-28,205.915,207.66,204.41,204.72,28549753
AMZN,2025-05-27,203.085,206.69,202.19,206.02,34892044
AMZN,2025-05-23,198.9,202.37,197.85,200.99,33393545
AMZN,2025-05-22,201.38,205.76,200.16,203.1,38938882
AMZN,2025-05-21,201.61,203.455,200.06,201.12,42460924
AMZN,2025-05-20,204.628,205.5899,202.65,204.07,29470373
AMZN,2025-05-19,201.645,206.62,201.26,206.16,34314810
AMZN,2025-05-16,206.85,206.85,204.374,205.59,43318478
AMZN,2025-05-15,206.45,206.88,202.673,205.17,64347317
AMZN,2025-05-14,211.45,211.93,208.85,210.25,38492128
AMZN,2025-05-13,211.08,214.84,210.1,211.37,56193682
AMZN,2025-05-12,210.71,211.66,205.75,208.64,75205042
AMZN,2025-05-09,193.375,194.69,191.16,193.06,29663143
AMZN,2025-05-08,191.43,194.33,188.82,192.08,41043620
AMZN,2025-05-07,185.56,190.99,185.01,188.71,44002926
AMZN,2025-05-06,184.57,187.93,183.85,185.01,29314055
AMZN,2025-05-05,186.51,188.18,185.53,186.35,35217469
AMZN,2025-05-02,191.435,192.88,186.4,189.98,77903487
AMZN,2025-05-01,190.63,191.8071,187.5,190.2,74265963
AMZN,2025-04-30,182.17,185.05,178.85,184.42,55176543
AMZN,2025-04-29,183.99,188.0158,183.68,187.39,41667255
AMZN,2025-04-28,190.105,190.22,184.885,187.7,33224732
AMZN,2025-04-25,187.62,189.94,185.49,188.99,36414330
AMZN,2025-04-24,180.915,186.74,180.18,186.54,43763196
AMZN,2025-04-23,183.45,187.38,180.19,180.6,63470149
AMZN,2025-04-22,169.845,176.78,169.35,173.18,56607202
AMZN,2025-04-21,169.6,169.6,165.285,167.32,48126111
AMZN,2025-04-17,176.0,176.21,172.0,172.61,44726453
AMZN,2025-04-16,176.29,179.1046,171.41,174.33,51875316
AMZN,2025-04-15,181.41,182.35,177.9331,179.59,43641952
AMZN,2025-04-14,186.84,187.44,179.23,182.12,48002540
TSLA,2025-09-05,348.0,355.87,344.6801,350.84,108989785
TSLA,2025-09-04,336.15,338.89,331.48,338.53,60711033
TSLA,2025-09-03,335.2,343.33,328.51,334.09,88238894
TSLA,2025-09-02,328.23,333.33,325.6,329.36,58391952
TSLA,2025-08-29,347.23,348.7499,331.7,333.87,81145660
TSLA,2025-08-28,350.91,353.55,340.26,345.98,67903224
TSLA,2025-08-27,351.94,355.39,349.156,349.6,65519012
TSLA,2025-08-26,344.93,351.9,343.72,351.67,76651550
TSLA,2025-08-25,338.9,349.53,335.03,346.6,86670037
TSLA,2025-08-22,321.66,340.25,319.69,340.01,94016347
TSLA,2025-08-21,322.08,324.9,318.68,320.11,55744445
TSLA,2025-08-20,329.22,331.37,314.6,323.9,77481768
TSLA,2025-08-19,335.79,340.55,327.85,329.31,75956002
TSLA,2025-08-18,329.62,336.27,329.59,335.16,56956552
TSLA,2025-08-15,337.655,339.3,327.02,330.56,74319792
TSLA,2025-08-14,335.76,340.4699,330.4,335.58,75000662
TSLA,2025-08-13,341.5,348.98,338.2,339.38,67838892
TSLA,2025-08-12,345.0,345.26,332.94,340.84,80690111
TSLA,2025-08-11,335.0,346.64,334.15,339.03,105320174
TSLA,2025-08-08,321.43,335.15,320.98,329.65,91200319
TSLA,2025-08-07,319.79,322.4,316.16,322.27,66658672
TSLA,2025-08-06,307.89,320.47,306.9345,319.91,78523579
TSLA,2025-08-05,308.95,312.4499,305.5,308.72,57961278
TSLA,2025-08-04,309.08,312.1186,303.0001,309.26,78683905
TSLA,2025-08-01,306.205,309.31,297.82,302.63,89121446
TSLA,2025-07-31,319.605,321.37,306.1,308.27,85270919
TSLA,2025-07-30,322.18,324.4499,311.6164,319.04,83931942
TSLA,2025-07-29,325.55,326.25,318.25,321.2,87358861
TSLA,2025-07-28,318.45,330.49,315.69,325.59,112673755
TSLA,2025-07-25,308.74,323.63,308.01,316.06,148227027
TSLA,2025-07-24,310.0,310.15,300.41,305.3,156966023
TSLA,2025-07-23,330.9,336.2,328.67,332.56,92553756
TSLA,2025-07-22,329.74,335.4098,321.55,332.11,77370371
TSLA,2025-07-21,334.4,338.0,326.88,328.49,75768797
TSLA,2025-07-18,321.66,330.9,321.42,329.65,94254993
TSLA,2025-07-17,323.15,324.34,317.0601,319.41,73922870
TSLA,2025-07-16,312.8,323.5,312.62,321.67,97284786
TSLA,2025-07-15,319.675,321.2,310.5,310.78,77556346
TSLA,2025-07-14,317.73,322.5986,312.67,316.9,78043430
TSLA,2025-07-11,307.89,314.09,305.65,313.51,79236442
TSLA,2025-07-10,300.05,310.48,300.0,309.87,104365271
TSLA,2025-07-09,297.55,300.15,293.55,295.88,75586771
TSLA,2025-07-08,297.0,304.0499,294.35,297.81,103246742
TSLA,2025-07-07,291.37,296.15,288.7701,293.94,131177949
TSLA,2025-07-03,317.99,318.45,312.76,315.35,58042302
TSLA,2025-07-02,312.63,316.832,303.82,315.65,119483730
TSLA,2025-07-01,298.46,305.89,293.21,300.71,145085665
TSLA,2025-06-30,319.9,325.5799,316.6,317.66,76695081
TSLA,2025-06-27,324.51,329.3393,317.495,323.63,89067049
TSLA,2025-06-26,324.61,331.05,323.61,325.78,80440907
TSLA,2025-06-25,342.7,343.0,320.4,327.55,119845050
TSLA,2025-06-24,356.17,356.26,340.44,340.47,114736245
TSLA,2025-06-23,327.54,357.54,327.48,348.68,190716815
TSLA,2025-06-20,327.95,332.36,317.78,322.16,108688008
TSLA,2025-06-18,317.31,329.32,315.45,322.05,95137686
TSLA,2025-06-17,326.09,327.26,314.74,316.35,88282669
TSLA,2025-06-16,331.29,332.05,326.41,329.13,83925858
TSLA,2025-06-13,313.97,332.99,313.3,325.31,128964279
TSLA,2025-06-12,323.075,332.56,316.86,319.11,105127536
TSLA,2025-06-11,334.395,335.5,322.5,326.43,122611360
TSLA,2025-06-10,314.94,327.83,310.667,326.09,151256520
TSLA,2025-06-09,285.955,309.83,281.85,308.58,140908876
TSLA,2025-06-06,298.83,305.5,291.14,295.14,164747685
TSLA,2025-06-05,322.49,324.5499,273.21,284.7,292818655
TSLA,2025-06-04,345.095,345.6,327.3308,332.05,98912075
TSLA,2025-06-03,346.595,355.4,343.04,344.27,99324544
TSLA,2025-06-02,343.5,348.02,333.33,342.69,81873829
TSLA,2025-05-30,355.52,363.68,345.29,346.46,123474938
TSLA,2025-05-29,365.29,367.71,356.0,358.43,88545666
TSLA,2025-05-28,364.84,365.0,355.91,356.9,91404309
TSLA,2025-05-27,347.35,363.79,347.32,362.89,120146414
TSLA,2025-05-23,337.92,343.18,333.21,339.34,84654818
TSLA,2025-05-22,331.9,347.27,331.39,341.04,97113416
TSLA,2025-05-21,344.43,347.35,332.2,334.62,102354844
TSLA,2025-05-20,347.87,354.9899,341.63,343.82,131715548
TSLA,2025-05-19,336.3,343.0,333.37,342.09,88869853
TSLA,2025-05-16,346.24,351.62,342.33,349.98,95895665
TSLA,2025-05-15,340.34,346.1393,334.7153,342.82,97882596
TSLA,2025-05-14,342.5,350.0,337.0,347.68,136997264
TSLA,2025-05-13,320.0,337.5894,316.8,334.07,136992574
TSLA,2025-05-12,321.99,322.21,311.5,318.38,112826661
TSLA,2025-05-09,290.21,307.04,290.0,298.26,132387835
TSLA,2025-05-08,279.63,289.8,279.41,284.82,97539448
TSLA,2025-05-07,276.88,277.92,271.0,276.22,71882408
TSLA,2025-05-06,273.105,277.73,271.35,275.35,76715792
TSLA,2025-05-05,284.57,284.849,274.4,280.26,94618882
TSLA,2025-05-02,284.9,294.78,279.81,287.21,114454683
TSLA,2025-05-01,280.01,290.8688,279.81,280.52,99658974
TSLA,2025-04-30,279.9,284.45,270.78,282.16,128961057
TSLA,2025-04-29,285.5,293.32,279.4695,292.03,108906553
TSLA,2025-04-28,288.98,294.86,272.42,285.88,151731771
TSLA,2025-04-25,261.69,286.85,259.63,284.95,167560688
TSLA,2025-04-24,250.5,259.54,249.2,259.51,94464195
TSLA,2025-04-23,254.86,259.4499,244.43,250.74,150381903
TSLA,2025-04-22,230.96,242.79,229.8501,237.97,120858452
TSLA,2025-04-21,230.26,232.21,222.79,227.5,97768007
TSLA,2025-04-17,243.47,244.34,237.6833,241.37,83404775
TSLA,2025-04-16,247.61,251.97,233.89,241.55,112378737
TSLA,2025-04-15,249.91,258.75,247.54,254.11,79594318
TSLA,2025-04-14,258.36,261.8,245.93,252.35,100135241